dataset_family,sport,scope,source_provider,source_url,retrieved_at,source_sha256,source_rows,normalized_match_rows,normalized_odds_rows,license_or_terms,production_use
football_results_and_odds,football,Premier League 2023-24,football-data.co.uk,https://www.football-data.co.uk/mmz4281/2324/E0.csv,2026-07-29T08:44:31Z,b2e057b0ed959f198b0f63d2391c01239f3608e6de5db68edab3f88e04d07ff3,380,380,9120,Site states data are free; keep attribution and complete commercial terms review.,conditional
football_results_and_odds,football,Bundesliga 2023-24,football-data.co.uk,https://www.football-data.co.uk/mmz4281/2324/D1.csv,2026-07-29T08:44:31Z,1de8bc12a133dbbf71bc6ffda62082642f087f61b1b7c15ae9f2d320876fb07e,306,306,7344,Site states data are free; keep attribution and complete commercial terms review.,conditional
football_results_and_odds,football,Serie A 2023-24,football-data.co.uk,https://www.football-data.co.uk/mmz4281/2324/I1.csv,2026-07-29T08:44:31Z,343a89db026fe4204ebeabd663cdfee8d02a45457828fc1cb63fa630ca170723,380,380,9120,Site states data are free; keep attribution and complete commercial terms review.,conditional
football_results_and_odds,football,La Liga 2023-24,football-data.co.uk,https://www.football-data.co.uk/mmz4281/2324/SP1.csv,2026-07-29T08:44:31Z,5323f596c7ed318e4bce95557a369d809d98501fa499ea5f41350cd45cf3c7d9,380,380,9120,Site states data are free; keep attribution and complete commercial terms review.,conditional
football_results_and_odds,football,Ligue 1 2023-24,football-data.co.uk,https://www.football-data.co.uk/mmz4281/2324/F1.csv,2026-07-29T08:44:31Z,ca0a4bf51d5b1ccfd0e1558ea41de6bb829df6c96c759888a87248d296d5adb7,306,306,7344,Site states data are free; keep attribution and complete commercial terms review.,conditional
football_results_and_odds,football,Premier League 2024-25,football-data.co.uk,https://www.football-data.co.uk/mmz4281/2425/E0.csv,2026-07-29T08:44:31Z,d0c8ce4a96d886cf60cf101f570f4a3893844226f91c7bd769eb568c49edbfa4,380,380,9120,Site states data are free; keep attribution and complete commercial terms review.,conditional
football_results_and_odds,football,Bundesliga 2024-25,football-data.co.uk,https://www.football-data.co.uk/mmz4281/2425/D1.csv,2026-07-29T08:44:31Z,a295c58033cfe6393cbbc28f7db85671839b960c5f1153fd3678e20ad2adb92e,306,306,7344,Site states data are free; keep attribution and complete commercial terms review.,conditional
football_results_and_odds,football,Serie A 2024-25,football-data.co.uk,https://www.football-data.co.uk/mmz4281/2425/I1.csv,2026-07-29T08:44:31Z,79d87a5b18771e066ac7419b7876bfd9771a68ca117a9712375d6bc9685abee3,380,380,9120,Site states data are free; keep attribution and complete commercial terms review.,conditional
football_results_and_odds,football,La Liga 2024-25,football-data.co.uk,https://www.football-data.co.uk/mmz4281/2425/SP1.csv,2026-07-29T08:44:31Z,c086e96d6a53f6e6c0fce4e35db0d1728c773b4362323da0161a34769e315a36,380,380,9120,Site states data are free; keep attribution and complete commercial terms review.,conditional
football_results_and_odds,football,Ligue 1 2024-25,football-data.co.uk,https://www.football-data.co.uk/mmz4281/2425/F1.csv,2026-07-29T08:44:31Z,fe6ae6a0c30d05f0ac88e0fc4a31452c7203e2b444703dfa941e22f38f20ab63,306,306,7344,Site states data are free; keep attribution and complete commercial terms review.,conditional
football_results_and_odds,football,Premier League 2025-26,football-data.co.uk,https://www.football-data.co.uk/mmz4281/2526/E0.csv,2026-07-29T08:44:31Z,3e3a8352f9ada6789c508d6ca184424421fed56a30400904a4a327c583407e62,380,380,8100,Site states data are free; keep attribution and complete commercial terms review.,conditional
football_results_and_odds,football,Bundesliga 2025-26,football-data.co.uk,https://www.football-data.co.uk/mmz4281/2526/D1.csv,2026-07-29T08:44:31Z,618301a4b39918225a8ccc57f0f839d675e1abd92fa3a3ccd9a67acd7c79dd7f,306,306,6405,Site states data are free; keep attribution and complete commercial terms review.,conditional
football_results_and_odds,football,Serie A 2025-26,football-data.co.uk,https://www.football-data.co.uk/mmz4281/2526/I1.csv,2026-07-29T08:44:31Z,709ae279617d16af226312bcceac941e71241745ddaf950bdac2b83afad4fcbb,380,380,8034,Site states data are free; keep attribution and complete commercial terms review.,conditional
football_results_and_odds,football,La Liga 2025-26,football-data.co.uk,https://www.football-data.co.uk/mmz4281/2526/SP1.csv,2026-07-29T08:44:31Z,4ca2e285f3ee0702f6bc55fcaa4f5a15cb3aef6220735a1d15398131e21d63f5,380,380,7971,Site states data are free; keep attribution and complete commercial terms review.,conditional
football_results_and_odds,football,Ligue 1 2025-26,football-data.co.uk,https://www.football-data.co.uk/mmz4281/2526/F1.csv,2026-07-29T08:44:31Z,898b7ddcd373cfe955ae353b1a98cf7f1c8757ca10b69d53039f4e098e88f192,306,306,6426,Site states data are free; keep attribution and complete commercial terms review.,conditional
tennis_results_scores_and_odds,tennis,ATP 2024,tennis-data.co.uk,http://www.tennis-data.co.uk/2024/2024.xlsx,2026-07-29T08:44:31Z,d92a4d4167cfece60b624e81ba8d6724d90a4704637341bb0bc87539a36c746a,2703,2685,21430,Site states all historical results and odds files are free to use; preserve attribution.,allowed_with_attribution_and_terms_archive
tennis_results_scores_and_odds,tennis,WTA 2024,tennis-data.co.uk,http://www.tennis-data.co.uk/2024w/2024.xlsx,2026-07-29T08:44:31Z,0ce3a4e87c269253dd61e1ab4a3bbeb2d9acdd512f316189e5ad872c86c67b53,2490,2472,19717,Site states all historical results and odds files are free to use; preserve attribution.,allowed_with_attribution_and_terms_archive
tennis_results_scores_and_odds,tennis,ATP 2025,tennis-data.co.uk,http://www.tennis-data.co.uk/2025/2025.xlsx,2026-07-29T08:44:31Z,941aaa1abc49131f51e1f7f6eee93dac829dd72578ca10b341dfc4c9d41ba013,2644,2622,20727,Site states all historical results and odds files are free to use; preserve attribution.,allowed_with_attribution_and_terms_archive
tennis_results_scores_and_odds,tennis,WTA 2025,tennis-data.co.uk,http://www.tennis-data.co.uk/2025w/2025.xlsx,2026-07-29T08:44:31Z,aac890b7465d0c74812578b2a962b4e5cb4c76455dccb6cece2efa5067448c13,2505,2487,19637,Site states all historical results and odds files are free to use; preserve attribution.,allowed_with_attribution_and_terms_archive
tennis_results_scores_and_odds,tennis,ATP 2026,tennis-data.co.uk,http://www.tennis-data.co.uk/2026/2026.xlsx,2026-07-29T08:44:31Z,49853f6389dbc98a0ea72b58d04f20bd6bcbceae2238bf5e0345b90ebada9782,1728,1716,10413,Site states all historical results and odds files are free to use; preserve attribution.,allowed_with_attribution_and_terms_archive
tennis_results_scores_and_odds,tennis,WTA 2026,tennis-data.co.uk,http://www.tennis-data.co.uk/2026w/2026.xlsx,2026-07-29T08:44:31Z,f6f913da3dabbb54add6e9edd167a1d33d669c9ede9741e63e9069f18b3977ba,1673,1660,10145,Site states all historical results and odds files are free to use; preserve attribution.,allowed_with_attribution_and_terms_archive
